feature,standardized_ridge_coefficient
SPY_return_21d,0.0007039735015222204
SPY_return_63d,0.005862700194413093
QQQ_return_63d,0.0017054674998096787
SCHD_return_63d,-0.010764581660493919
TLT_return_63d,-0.0006141738251121583
GLD_return_63d,0.002238468679977869
SPY_vol_21d,-0.0009815335590321074
TLT_vol_21d,0.0009898745145228785
average_pairwise_corr_63d,-0.0002396738227347166
equity_bond_corr_63d,0.0031055246115127165
cross_asset_return_dispersion_63d,-0.0029064642520738
cross_asset_vol_dispersion_63d,-0.00443100867484834
