decision_date,meta_allocation_v1,equal_weight,maximum_sharpe,phase,excess_vs_equal_weight,excess_vs_maximum_sharpe
2021-04-30,0.05507745472974701,0.05507745472974701,0.03248627560429451,0,0.0,0.0225911791254525
2021-07-30,0.022055416280089002,0.022055416280089002,0.022541449950339132,0,0.0,-0.00048603367025013
2021-10-29,-0.025944057873203974,-0.014836100713141342,-0.025770784895839616,0,-0.011107957160062631,-0.0001732729773643582
2022-01-31,-0.07185737496431244,-0.07173087369992304,-0.0628950246962452,0,-0.00012650126438940035,-0.008962350268067243
2022-04-29,-0.013656988689060956,-0.013656988689060956,-0.023519018622919385,0,0.0,0.00986202993385843
2022-07-29,-0.08487104401474788,-0.08487104401474788,-0.0665501113742889,0,0.0,-0.018320932640458976
2022-10-31,0.09569253826061863,0.09569253826061863,0.09859679085683659,0,0.0,-0.00290425259621796
2023-01-31,0.020416847328839305,0.020416847328839305,0.030147904630124955,0,0.0,-0.00973105730128565
2023-04-28,0.06510859698303584,0.05476794665893325,0.06530189408132814,0,0.010340650324102585,-0.0001932970982922999
2023-07-31,-0.05832335105778941,-0.08198301157827514,-0.05832335105778941,0,0.023659660520485737,0.0
2023-10-31,0.11054303818695232,0.13409184704440746,0.11054303818695232,0,-0.02354880885745514,0.0
2024-01-31,0.02433260082976818,0.024456553184174057,0.04633708754755084,0,-0.00012395235440587626,-0.022004486717782656
2024-04-30,0.09096502448369148,0.09096502448369148,0.08378427834476909,0,0.0,0.007180746138922389
2024-07-31,0.05864018625734935,0.040224338873904086,0.058603635804324705,0,0.01841584738344526,3.655045302464188e-05
2024-10-31,0.023590246153943673,0.023723687677980276,0.02397580089066187,0,-0.0001334415240366038,-0.0003855547367181966
2025-01-31,0.006684646639915526,-0.006223171306758091,0.006826896593075338,0,0.012907817946673616,-0.00014224995315981204
2025-04-30,0.06780606126315569,0.0680056137523164,0.06960726758644564,0,-0.00019955248916070367,-0.00180120632328995
2025-07-31,0.13420964503508226,0.09562039558999413,0.1344055788307894,0,0.038589249445088125,-0.0001959337957071483
2025-10-31,0.07728377536681008,0.061471726409749294,0.07728377536681008,0,0.015812048957060787,0.0
2026-01-30,0.03134426347970787,0.03149240799055719,0.018982200747575062,0,-0.000148144510849324,0.012362062732132806
2026-04-30,-0.00452728505584199,-0.00452728505584199,-0.04122526575621743,0,0.0,0.03669798070037544
2021-05-28,0.05199847196920859,0.05199847196920859,0.03174813990939174,1,0.0,0.020250332059816856
2021-08-31,0.02114915952391505,0.006699799986797261,0.02134777419676892,1,0.01444935953711779,-0.00019861467285386958
2021-11-30,-0.050280009238240386,-0.02681758419494884,-0.050280009238240386,1,-0.023462425043291546,0.0
2022-02-28,-0.06830125609250315,-0.06817927250012523,-0.05141543891213274,1,-0.00012198359237791667,-0.01688581718037041
2022-05-31,-0.04632427491249025,-0.04632427491249025,-0.06506404742293603,1,0.0,0.018739772510445785
2022-08-31,0.016088669680897505,0.016088669680897505,0.03574327650165654,1,0.0,-0.019654606820759035
2022-11-30,-0.006960635869748821,-0.006960635869748821,-0.010350210970042073,1,0.0,0.0033895751002932517
2023-02-28,0.09632016385648545,0.054802466838442365,0.09637379819715819,1,0.04151769701804309,-5.363434067273687e-05
2023-05-31,0.02784519786121442,0.03597819455036522,0.02784519786121442,1,-0.008132996689150795,0.0
2023-08-31,0.024256804818138855,0.007263835233406679,0.024256804818138855,1,0.016992969584732176,0.0
2023-11-30,0.05792855656514151,0.07479512968244983,0.05792855656514151,1,-0.016866573117308326,0.0
2024-02-29,0.05970953258185441,0.038952309415601905,0.05970953258185441,1,0.020757223166252503,0.0
2024-05-31,0.06923441594470958,0.07460889075768184,0.06923441594470958,1,-0.005374474812972263,0.0
2024-08-30,0.0498076565717791,0.04996832513112959,0.052836810784871124,1,-0.0001606685593504853,-0.0030291542130920224
2024-11-29,0.006453298450767919,0.006453298450767919,0.006562747558036319,1,0.0,-0.00010944910726840007
2025-02-28,0.03506143265530426,0.00841102958034945,0.03500677144079356,1,0.02665040307495481,5.4661214510698386e-05
2025-05-30,0.07103282019054036,0.06762112390007924,0.07103282019054036,1,0.0034116962904611192,0.0
2025-08-29,0.12278270762322752,0.08292013436413614,0.12278270762322752,1,0.03986257325909137,0.0
2025-11-28,0.12909339477513115,0.08085728584667651,0.12909339477513115,1,0.048236108928454646,0.0
2026-02-27,0.03023338880226656,0.03044574898024499,-0.016052125058206967,1,-0.00021236017797843232,0.046285513860473526
2026-05-29,-0.015867962134794467,0.006280331703126807,-0.015750055305186028,1,-0.022148293837921273,-0.00011790682960843846
2021-06-30,1.77917240800074e-05,1.77917240800074e-05,0.0017913157702367233,2,0.0,-0.0017735240461567159
2021-09-30,0.07917311340050759,0.07917311340050759,0.07247671707453285,2,0.0,0.0066963963259747405
2021-12-31,-0.04030956542694164,-0.04030956542694164,-0.04707917500674874,2,0.0,0.006769609579807101
2022-03-31,-0.13283804294578594,-0.13283804294578594,-0.11209791792936852,2,0.0,-0.02074012501641742
2022-06-30,-0.0672687278481563,-0.0672687278481563,-0.09037690293922707,2,0.0,0.02310817509107077
2022-09-30,0.06108055576744498,0.06108055576744498,0.11177447983499467,2,0.0,-0.05069392406754969
2022-12-30,0.0811607463584545,0.0811607463584545,0.06990133193073023,2,0.0,0.011259414427724268
2023-03-31,0.04787260084036382,0.03709319961804125,0.04797600569451421,2,0.010779401222322571,-0.00010340485415039069
2023-06-30,-0.04135870137883968,-0.05000273437219305,-0.04135870137883968,2,0.008644032993353368,0.0
2023-09-29,0.11902303273550441,0.12041092357611416,0.11902303273550441,2,-0.0013878908406097512,0.0
2023-12-29,0.06025097074518526,0.05893285092790013,0.06025097074518526,2,0.001318119817285135,0.0
2024-03-28,0.046663995959379756,0.025016808096741894,0.046663995959379756,2,0.021647187862637862,0.0
2024-06-28,0.0695793881410045,0.07672794468795652,0.0695793881410045,2,-0.007148556546952012,0.0
2024-09-30,-0.009735690127894214,-0.009567738093445466,-0.008268699643230737,2,-0.0001679520344487484,-0.0014669904846634774
2024-12-31,0.059980470159216814,0.027885454553305822,0.0599836544700334,2,0.03209501560591099,-3.1843108165841016e-06
2025-03-31,0.05502120633288454,0.055186960254722583,0.04906674273906564,2,-0.00016575392183804105,0.005954463593818904
2025-06-30,0.10816040529924176,0.08034009967625444,0.10836638916572205,2,0.027820305622987318,-0.0002059838664802971
2025-09-30,0.05159758448051566,0.03396608659950928,0.05159758448051566,2,0.017631497881006375,0.0
2025-12-31,0.05435367652341094,0.022340302816748814,0.05435367652341094,2,0.03201337370666213,0.0
2026-03-31,0.061495713416881426,0.06168859479580502,0.0017855917834324053,2,-0.0001928813789235928,0.05971012163344902
2026-06-30,-0.013973282630028505,0.0025276737526496174,-0.013975728642836915,2,-0.016500956382678122,2.4460128084102806e-06
